<?xml version="1.0" encoding="UTF-8"?>
<beans xmlns="http://www.springframework.org/schema/beans"
	xmlns:xsi="http://www.w3.org/2001/XMLSchema-instance" xmlns:p="http://www.springframework.org/schema/p"
	xmlns:context="http://www.springframework.org/schema/context" xmlns:tx="http://www.springframework.org/schema/tx"
	xsi:schemaLocation="
		http://www.springframework.org/schema/beans
		http://www.springframework.org/schema/beans/spring-beans-4.0.xsd
		http://www.springframework.org/schema/context
		http://www.springframework.org/schema/context/spring-context-4.0.xsd
		http://www.springframework.org/schema/tx
		http://www.springframework.org/schema/tx/spring-tx-4.0.xsd">

	<!-- 1. 数据源 : DriverManagerDataSource -->
	     <!-- 引入外部数据源配置信息 -->
	<bean class="org.springframework.beans.factory.config.PropertyPlaceholderConfigurer">
		<property name="locations">
			<value>classpath:jdbc.properties</value>
		</property>
	</bean>
    <!-- 配置数据源 -->
	<bean id="dataSource1" class="org.springframework.jdbc.datasource.DriverManagerDataSource">
		<property name="driverClassName" value="${jdbc.driver}"></property>
		<property name="url" value="${jdbc.url}"></property>
		<property name="username" value="${jdbc.username}"></property>
		<property name="password" value="${jdbc.password}"></property>
	</bean>
	 <bean id="dataSource2" class="org.springframework.jdbc.datasource.DriverManagerDataSource">
		<property name="driverClassName" value="${jdbc2.driver}"></property>
		<property name="url" value="${jdbc2.url}"></property>
		<property name="username" value="${jdbc2.username}"></property>
		<property name="password" value="${jdbc2.password}"></property>
	</bean> 
	
	<bean id="dataSource" class="com.tgb.framework.db.DynamicDataSource">  
        <property name="targetDataSources">  
            <map key-type="java.lang.String">  
                <entry key="dataSource1" value-ref="dataSource1" />  
                <entry key="dataSource2" value-ref="dataSource2" />  
            </map>  
        </property>  
        <property name="defaultTargetDataSource" ref="dataSource1" />  
    </bean> 
	
	<!--
		2. mybatis的SqlSession的工厂: SqlSessionFactoryBean dataSource:引用数据源

		MyBatis定义数据源,同意加载配置
	-->
	<bean id="sqlSessionFactory" class="org.mybatis.spring.SqlSessionFactoryBean">
		<property name="dataSource" ref="dataSource"></property>
		<property name="configLocation" value="classpath:config/mybatis-config.xml" /> 
	</bean>
	<!-- <bean id="sqlSessionFactory2" class="org.mybatis.spring.SqlSessionFactoryBean">
		<property name="dataSource" ref="dataSource2"></property>
		<property name="configLocation" value="classpath:config/mybatis-config.xml" /> 
	</bean> -->
	<!--
		3. mybatis自动扫描加载Sql映射文件/接口 : MapperScannerConfigurer sqlSessionFactory

		basePackage:指定sql映射文件/接口所在的包（自动扫描）
	-->
	<bean class="org.mybatis.spring.mapper.MapperScannerConfigurer">
		<property name="basePackage" value="com.tgb.mapper3"></property>
		<property name="sqlSessionFactoryBeanName" value="sqlSessionFactory"></property>
	</bean> 
	<!-- <bean class="org.mybatis.spring.mapper.MapperScannerConfigurer">
		<property name="basePackage" value="com.tgb.mapper3"></property>
		<property name="sqlSessionFactoryBeanName" value="sqlSessionFactory2"></property>
	</bean> -->
	<!--
		4. 事务管理 : DataSourceTransactionManager dataSource:引用上面定义的数据源
	-->
	<bean id="txManager"
		class="org.springframework.jdbc.datasource.DataSourceTransactionManager">
		<property name="dataSource" ref="dataSource"></property>
	</bean>

	<!-- 5. 使用声明式事务
		 transaction-manager：引用上面定义的事务管理器
	 -->
	<tx:annotation-driven transaction-manager="txManager" />
    <!-- 6. redis配置 
    <context:property-placeholder location="classpath*:/redis.properties" ignore-unresolvable="true"/>
    <bean id="jedisConfig" class="redis.clients.jedis.JedisPoolConfig">
         <property name="maxActive" value="${redis_max_active}"></property>
          <property name="maxIdle" value="${redis_max_idle}"></property>
          <property name="maxWait" value="${redis_max_wait}"></property>
          <property name="testOnBorrow" value="${redis_test_on_borrow}"></property>
    </bean>
    <bean id="connectionFactory" class="org.springframework.data.redis.connection.jedis.JedisConnectionFactory">
         <property name="hostName" value="${redis_addr}"></property>
         <property name="port" value="${redis_port}"></property>
         <property name="password" value="${redis_auth}"></property>
         <property name="poolConfig" ref="jedisConfig"></property>
    </bean>
    <bean id="redisTemplate" class="org.springframework.data.redis.core.StringRedisTemplate">
         <property name="connectionFactory" ref="connectionFactory" />
         <property name="keySerializer">
             <bean class="org.springframework.data.redis.serializer.StringRedisSerializer"/>
         </property>
         <property name="valueSerializer">
            <bean class="org.springframework.data.redis.serializer.JdkSerializationRedisSerializer" />
         </property>
    </bean> 
    -->
</beans>
